{"conf": 0.5073529411764706, "Y : 2536:0:-1&300136:1:1": [384, 133, 6, 391, 8, 137, 12, 268, 397, 147, 21, 406, 23, 151, 279, 26, 27, 285, 159, 288, 35, 420, 299, 44, 300, 47, 303, 432, 50, 51, 433, 56, 185, 58, 59, 60, 314, 441, 191, 443, 321, 322, 70, 73, 463, 210, 466, 85, 86, 342, 216, 343, 90, 94, 225, 356, 484, 102, 103, 360, 493, 238, 240, 497, 243, 376, 378, 379, 127], "X : 2536:0:-1": [3, 4, 5, 6, 8, 12, 20, 21, 22, 23, 26, 27, 30, 34, 35, 41, 42, 44, 46, 47, 50, 51, 56, 58, 59, 60, 62, 65, 70, 71, 73, 75, 78, 82, 85, 86, 90, 91, 94, 97, 102, 103, 118, 123, 126, 127, 128, 129, 133, 137, 144, 147, 151, 159, 185, 188, 189, 191, 193, 203, 210, 216, 225, 238, 240, 242, 243, 254, 256, 265, 268, 277, 279, 285, 288, 299, 300, 302, 303, 304, 314, 320, 321, 322, 323, 327, 328, 335, 342, 343, 347, 356, 359, 360, 366, 368, 369, 371, 372, 374, 376, 378, 379, 384, 387, 391, 397, 403, 406, 408, 409, 419, 420, 422, 429, 432, 433, 435, 439, 441, 443, 446, 447, 455, 460, 462, 463, 466, 468, 479, 484, 489, 493, 494, 496, 497]}{"conf": 0.5075757575757576, "Y : 2023:0:-1&150288:2:1": [1, 388, 391, 137, 12, 268, 398, 144, 273, 22, 23, 408, 153, 409, 27, 159, 31, 287, 288, 35, 416, 421, 425, 43, 428, 429, 175, 303, 432, 50, 179, 180, 311, 185, 443, 316, 448, 193, 449, 323, 82, 211, 468, 470, 215, 343, 471, 472, 94, 480, 483, 356, 229, 102, 360, 234, 492, 493, 240, 113, 242, 370, 372, 375, 120, 249, 254], "X : 2023:0:-1": [1, 4, 5, 6, 12, 19, 21, 22, 23, 27, 31, 35, 41, 43, 44, 50, 53, 57, 59, 60, 68, 70, 71, 82, 92, 94, 102, 105, 112, 113, 119, 120, 126, 129, 137, 144, 153, 159, 166, 175, 176, 179, 180, 185, 193, 204, 210, 211, 214, 215, 216, 222, 229, 234, 236, 237, 238, 239, 240, 242, 249, 254, 257, 265, 268, 273, 274, 276, 277, 286, 287, 288, 295, 297, 299, 300, 303, 310, 311, 312, 314, 315, 316, 320, 322, 323, 328, 335, 343, 347, 349, 356, 360, 369, 370, 372, 375, 384, 388, 391, 398, 401, 408, 409, 416, 417, 419, 421, 425, 428, 429, 432, 440, 441, 442, 443, 448, 449, 454, 455, 463, 466, 468, 469, 470, 471, 472, 478, 480, 483, 492, 493]}{"conf": 0.5166666666666667, "Y : 2234:0:-1&2746:0:-1&150288:2:1": [259, 132, 388, 391, 136, 137, 268, 398, 16, 144, 152, 153, 409, 411, 285, 159, 288, 34, 292, 425, 43, 303, 432, 433, 50, 437, 311, 185, 58, 443, 317, 446, 447, 193, 199, 327, 203, 77, 207, 83, 211, 468, 470, 343, 89, 94, 480, 483, 356, 102, 359, 233, 234, 492, 493, 240, 113, 242, 373, 246, 123, 381], "X : 2234:0:-1&2746:0:-1": [4, 8, 16, 21, 24, 29, 30, 34, 43, 44, 47, 50, 51, 58, 59, 68, 77, 78, 80, 83, 89, 93, 94, 97, 102, 103, 113, 115, 121, 123, 126, 131, 132, 136, 137, 144, 152, 153, 156, 159, 165, 166, 176, 185, 188, 193, 199, 203, 204, 207, 211, 214, 216, 224, 233, 234, 236, 237, 240, 242, 246, 257, 259, 263, 268, 277, 285, 288, 292, 293, 295, 298, 299, 300, 302, 303, 308, 311, 314, 317, 322, 327, 339, 343, 347, 356, 359, 363, 373, 374, 377, 381, 382, 388, 391, 398, 409, 411, 412, 419, 425, 432, 433, 437, 438, 439, 441, 443, 446, 447, 455, 460, 468, 470, 480, 483, 492, 493, 494, 496]}